,None_c=3,None_c=4,None_c=5,normalize_c=3,normalize_c=4,normalize_c=5,pca_c=3,pca_c=4,pca_c=5,transform_c=3,transform_c=4,transform_c=5,scale_c=3,scale_c=4,scale_c=5
Silhouette,0.4887398491004218,0.4887398491004218,0.4887398491004218,0.3993263633623272,0.3993263633623272,0.3993263633623272,0.4887398491004215,0.4887398491004215,0.4887398491004215,0.4887398491004218,0.4887398491004218,0.4887398491004218,0.43255652632301644,0.43255652632301644,0.43255652632301644
Calinski-Harabasz,513.7721643772164,513.7721643772164,513.7721643772164,198.7303147351156,198.7303147351156,198.7303147351156,513.7721643772167,513.7721643772167,513.7721643772167,513.7721643772164,513.7721643772164,513.7721643772164,299.8991893486019,299.8991893486019,299.8991893486019
Davies-Bouldin,0.7956018634867057,0.7956018634867057,0.7956018634867057,0.9810810481893735,0.9810810481893735,0.9810810481893735,0.7956018634867102,0.7956018634867102,0.7956018634867102,0.7956018634867057,0.7956018634867057,0.7956018634867057,0.8493429237825467,0.8493429237825467,0.8493429237825467
